Name,Gender,Religion,Caste,Date of Birth,State of Birth,Place of Birth,Date of Appointment,Date of Retirement,If Died in Office,If resigned from office,Parent High Court,If transferred to any other High Court,"If yes, which High Court 1",Date of such transfer - 1,"If yes, which High Court 2",Date of such transfer – 2,"If yes, which High Court 3",Date of such transfer - 3,If appointed Chief Justice in another High Court,"If yes, which High Court – 1","If yes, which High Court – 2","If yes, which High Court – 3",If appointed to the Supreme Court,Date of appointment to the Supreme Court,Cadre,Experience in Subordinate Judiciary,Litigation Experience,If a Senior Advocate,Experience in High Court Administrative Post,If served as Government Counsel,If served as Advocate General,If empanelled by PSUs,If empanelled by Banks,If empanelled by any Statutory Body,If empanelled by Private Companies,Chamber Details,Schooling Information,Graduation Institution,Graduation Specialization,Law Degree Institution,Law Degree Year,Bar Enrolment Year,State Bar Association where enrolled,Foreign Degree in Law,Post-Graduate in another subject,Post-Graduate in Law
Dhirubhai Naranbhai Patel,Male,,,13-Mar-1960,Gujarat,Ahmedabad,7-Jun-2019,13-Mar-2025,No,No,Gujarat High Court ,Yes,Jharkhand High Court ,3-Feb-2009,Delhi High Court ,7-Jun-2019,,,Yes,Jharkhand High Court ,,,No,,Bar,No,Yes,No,NA,Yes,No,,,Yes,No,Yes,,"M.G..Science College, Ahmedabad",B. Sc.,"L.A. Shah Law College, Ahmedabad",1984,1984,Bar Council of Gujarat,No,Yes,Yes
Vipin Sanghi,Male,,,27-Oct-1961,Maharashtra,Nagpur ,29-May-2006,27-Oct-2026,No,No,Delhi High Court ,No,,,,,,,No,,,,No,,Bar,No,Yes,Yes,NA,Yes,No,No,No,No,No,Yes,"Delhi Public School, Mathura Road",Delhi University,B.Sc Mathematics (Hons.),Delhi University ,1986,1986,Bar Council of Delhi,No,No,No
Siddharth Mridul,Male,,,22-Nov-1962,Delhi,Delhi,13-Mar-2008,22-Nov-2027,No,No,Delhi High Court ,No,,,,,,,No,,,,No,,Bar,No,Yes,Yes,NA,No,No,No,No,No,No,Yes,Army Public School,"Hindu College, Delhi University",B.A.Hons.History,Delhi University ,1986,1986,Bar Council of Delhi,No,No,No
Manmohan,Male,,,17-Dec-1962,Delhi,Delhi,13-Mar-2008,17-Dec-2027,No,No,Delhi High Court ,No,,,,,,,No,,,,No,,Bar,No,Yes,Yes,NA,Yes,No,No,No,No,No,Yes,"Modern School, Barakhamba Road","Hindu College, Delhi University",B.A. (Hons.) in History,Delhi University ,1987,1987,Bar Council of Delhi,No,No,No
Rajiv Sahai Endlaw,Male,,,13-Aug-1959,Delhi,Delhi,11-Apr-2008,13-Aug-2024,No,No,Delhi High Court ,No,,,,,,,No,,,,No,,Bar,No,Yes,No,NA,No,No,No,No,No,No,Yes,"Delhi Public School, Mathura Road","Hans Raj College, Delhi Univeristy",,Delhi University ,,1982,Bar Council of Delhi,No,No,No
Jagjivan Ram Midha ,Male,,,,,,11-Apr-2008,,No,No,Delhi High Court ,No,,,,,,,No,,,,No,,Bar,No,Yes,No,NA,No,No,No,No,No,No,No,,,,,,,,No,No,No
Rajiv Shakdher,Male,,,19-Oct-1962,,,11-Apr-2008,,No,No,Delhi High Court ,Yes,Madras High Court ,11-Nov-2016,,,,,No,,,,No,,Bar,No,Yes,Yes,NA,Yes,No,No,No,Yes,No,Yes,"St. Columba's School, Delhi",University of Delhi,B.Com. (Hons.),Delhi University ,1987,1987,,No,Yes,Yes
Suresh Kumar Kait,Male,,,19-Oct-1962,Haryana,"Village Kakaut, Distt. Kaithal, Haryana, India",5-Sep-2008,19-Oct-2027,No,No,Delhi High Court ,Yes,High Court of Judicature at Hyderabad,12-Apr-2016,Delhi High Court ,12-Oct-2018,,,No,,,,No,,Bar,No,Yes,No,NA,Yes,No,No,No,Yes,No,Yes,,"University College, Kurukshetra","""Humanity""",Delhi University ,,1989,,No,Yes,No
Mukta Gupta ,Female,,,28-Jun-1961,,,23-Oct-2009,28-Jun-2026,No,No,Delhi High Court ,No,,,,,,,No,,,,No,,Bar,No,Yes,No,NA,Yes,No,No,No,No,No,Yes,Montfort School,"Hindu College, Delhi University",B.Sc. Zoology Hons.,Delhi University ,1983,1984,Bar Council of Delhi,No,No,No
Jayant Nath,Male,,,10-Nov-1959,,,17-Apr-2013,,No,No,Delhi High Court ,No,,,,,,,No,,,,No,,Bar,No,Yes,Yes,NA,Yes,No,No,No,,No,Yes,"Delhi Public School, Mathura Road","St. Stephen's College, Delhi University",B.A.(Hon.) Economics,Delhi University ,1982,,,No,No,No
Najmi Waziri,Male,,,,,,17-Apr-2013,,No,No,Delhi High Court ,No,,,,,,,No,,,,No,,Bar,No,Yes,No,NA,Yes,No,No,No,Yes,No,Yes,"Boys’ High School, Allahabad","St. Stephen's College, Delhi University",B.A. Philosophy (Hons.),Delhi University ,1986,1987,Bar Council of Delhi,Yes,No,Yes
Sanjeev Sachdeva,Male,,,26-Dec-1964,Delhi,Delhi,17-Apr-2013,26-Dec-2029,No,No,Delhi High Court ,No,,,,,,,No,,,,No,,Bar,No,Yes,Yes,NA,No,No,No,No,No,No,Yes,"Delhi Public School, Mathura Road","Sri Ram College of Commerce, Delhi University",Bachelor of Commerce (Honours Course),Delhi University ,1988,1988,Bar Council of Delhi,No,No,No
Vibhu Bakhru,Male,,,,Maharashtra,Nagpur,17-Apr-2013,,No,No,Delhi High Court ,No,,,,,,,No,,,,No,,Bar,No,Yes,Yes,NA,No,No,No,No,No,No,Yes,"Delhi Public School, Mathura Road",Delhi University,B. Com. (Hon.),,1990,1990,Bar Council of Delhi,No,,No
V. Kameshwar Rao,Male,,,7-Aug-1965,,,17-Apr-2013,,No,No,Delhi High Court ,No,,,,,,,No,,,,No,,Bar,No,Yes,Yes,NA,No,No,No,No,No,No,Yes,,Delhi University,B.A. (Hons.) Geography,Delhi University,1990,1991,Bar Council of Delhi,No,No,No
Anu Malhotra,Female,,,27-Nov-1960,Gujarat,Ahmedabad,26-May-2000,,No,No,Delhi High Court ,No,,,,,,,No,,,,No,,Service,Yes,No,No,Yes,NA,NA,NA,NA,NA,NA,NA,"Duruelo Convent, Bandra, Bombay and Junior College from Mithibai College of Science, Bombay","Daulat Ram College, University of Delhi",B. Sc.,Delhi University,1983,,,No,No,No
Yogesh Khanna,Male,,,31-Dec-1961,,,8-Nov-2016,31-Dec-2026,No,No,Delhi High Court ,No,,,,,,,No,,,,No,,,,,,,,,,,,,,,,,,,,,,,
Rekha Palli,Female,,,,,,,,,,,,,,,,,,No,,,,,,,,,,,,,,,,,,,,,,,,,,,
Pratibha M. Singh,Female,,,9-Mar-1963,,,,,,,,,,,,,,,No,,,,,,,,,,,,,,,,,,,,,,,,,,,
Navin Chawla,Male,Hindu,General,7-Aug-1969,Delhi,Delhi,15-May-2017,7-Aug-2034,No,No,Delhi High Court ,No,,,,,,,No,,,,No,,Bar,No,Yes,No,NA,Yes,No,No,No,Yes,No,No,"Delhi Public School, Mathura Road",Delhi University ,B. Com. (Hon.),Delhi University ,1993,1993,Bar Council of Delhi,No,No,No
C. Hari Shankar,Male,Hindu,,4-May-1968,Delhi,Delhi,15-May-2017,4-May-2033,No,No,Delhi High Court ,No,,,,,,,No,,,,No,,Bar,No,Yes,No,NA,Yes,No,No,No,Yes,No,No,St. Columba's School,"Kirori Mal College, Delhi University",B. Sc. (Hons) in Chemistry,Delhi University ,1993,,,No,No,No
Subramonium Prasad,Male,Hindu,,,,,4-Jun-2018,,No,No,Madras High Court ,Yes,Delhi High Court ,13-Mar-2020,,,,,No,,,,No,,Bar,No,Yes,Yes,NA,,Yes,No,No,No,No,No,,Delhi University ,B. Com. (Hon.),Delhi University ,1990,,,No,No,No
Jyoti Singh,Female,Hindu,,1-Oct-1996,,,22-Oct-2018,,No,No,Delhi High Court ,No,,,,,,,No,,,,No,,Bar,No,Yes,Yes,NA,Yes,No,No,Yes,Yes,No,No,,"Kirori Mal College, Delhi University",Botany (Hons.),Delhi University ,,,Bar Council of Delhi,No,No,No
Prateek Jalan,Male,Hindu,,4-Apr-1970,West Bengal,Calcutta,22-Oct-2018,4-Apr-2035,No,No,Delhi High Court ,No,,,,,,,No,,,,No,,Bar,No,Yes,No,NA,Yes,No,No,No,No,No,Yes,"Modern School, New Delhi","Hindu College, University of Delhi",,"Trinity College, University of Cambridge",,1992,,Yes,No,Yes
Anup Jairam Bhambani,Male,Hindu,,,,,,,No,No,Delhi High Court ,No,,,,,,,No,,,,No,,Bar,No,Yes,Yes,NA,No,No,No,No,Yes,No,Yes,,,,Delhi University ,1992,1992,,No,Yes,No
Sanjeev Narula,Male,Hindu,General,24-Aug-1970,,,22-Oct-2018,24-Aug-1935,No,No,Delhi High Court ,No,,,,,,,No,,,,No,,Bar,No,Yes,No,NA,Yes,No,No,No,No,No,No,St. Mary's Presentation Convent School,"Kirorimal College, Univeristy of Delhi",B. Sc. (Computer Science),"Faculty of Jammu, Unviersity of Jammu",1994,1995,Bar Council of Delhi,No,No,No
Manoj Kumar Ohri,Male,Hindu,General,,Delhi,Delhi,20-Nov-2018,,No,No,Delhi High Court ,No,,,,,,,No,,,,No,,Bar,No,Yes,Yes,NA,Yes,No,No,No,No,No,No,,University of Delhi,B. Sc Physics (Hons.),Delhi University ,1995,1995,Bar Council of Delhi,Yes,Yes,No
Talwant Singh,Male,Sikh,General,4-Jun-1961,Punjab,"Village Bahla, Hoshiarpur",27-May-2019,4-Jun-2026,No,No,Delhi High Court ,No,,,,,,,No,,,,No,,Service,Yes,Yes,No,Yes,No,No,No,No,No,No,No,"N P Boys Higher Secondary School, Mandir Marg, New Delhi","SGTB Khalsa College, Delhi University",Commerce,Meerut University,1986,1986,Bar Council of Delhi,No,Yes,No
Rajnish Bhatnagar,Male,,,14-Jun-1962,,,27-May-2019,14-Jun-2027,No,No,Delhi High Court ,No,,,,,,,No,,,,No,,Service,Yes,Yes,No,No,No,No,No,No,No,No,No,,Delhi University,B. Sc. (Computer Science),Delhi University ,1987,1987,Bar Council of Delhi,No,No,No
Asha Menon,Female,,,17-Sep-1960,Kerela,Pattambi,27-May-2019,17-Sep-2025,No,No,Delhi High Court ,No,,,,,,,No,,,,No,,Service,Yes,No,No,No,No,No,No,No,No,No,No,"Kendriya Vidyalaya, Sector IV, R.K. Puram, New Delhi","Lady Shri Ram College, University of Delhi",Economics (Hons.),University of Delhi,1982,1982,Bar Council of Delhi,No,No,Yes
Jasmeet Singh,Male,Sikh,General,26-Feb-1968,Delhi,Delhi,24-Feb-2021,26-Feb-2033,No,No,Delhi High Court ,No,,,,,,,No,,,,No,,Bar,No,Yes,No,No,Yes,No,No,No,Yes,No,No,"St. Xavier's School, New Delhi","Hindu College, University of Delhi",B. Com. (Hons.),University of Delhi,1992,1992,Bar Council of Delhi,No,No,No
Amit Bansal,Male,Hindu,General,8-Feb-1969,Delhi,Delhi,24-Feb-2021,8-Feb-2034,No,No,Delhi High Court ,No,,,,,,,No,,,,No,,Bar,No,Yes,No,No,No,No,No,No,Yes,No,No,"Modern School, Vasant Vihar, New Delhi","Shri Ram College of Commerce, University of Delhi",B. Com. (Hons.),University of Delhi,1993,1993,Bar Council of Delhi,Yes,No,Yes
Hima Kohli,Female,Hindu,General,2-Sep-1959,Delhi,Delhi,29-May-2006,2-Sep-2024,No,No,Delhi High Court ,No,,,,,,,Yes,,,,No,,Bar,No,Yes,No,No,Yes,No,No,No,No,No,No,"St. Thomas School, New Delhi","St. Stephens College, University of Delhi",History (Hons.),University of Delhi,1984,1984,Bar Council of Delhi,No,Yes,No
Brijesh Sethi,Male,Hindu,General,30-Nov-1955,Delhi,Delhi,27-May-2019,30-Nov-2020,No,No,Delhi High Court ,No,,,,,,,No,,,,No,,Service,Yes,No,NA,Yes,NA,NA,,NA,NA,NA,NA,"St. Xavier's, Kanpur","Christ Church College, Kanpur",,University of Delhi,1982,,,No,No,No
A.K. Chawla,Male,Hindu,General,20-Oct-1958,Haryana ,Ambala,8-Nov-2016,19-Oct-2020,No,No,Delhi High Court ,No,,,,,,,No,,,,No,,Service,Yes,Yes,No,No,No,No,No,No,No,No,No,Kendriya Vidyalaya,,"""Science""",Kurukshetra University ,1982,,,No,No,No
Sangita Dhingra Sehgal,Female,Hindu,General,20-Jun-1958,Union Territory,Chandigarh,15-Dec-2014,30-May-2020,No,Yes,Delhi High Court ,No,,,,,,,No,,,,No,,Service,Yes,No,No,Yes,NA,NA,NA,NA,NA,NA,NA,,,,University of Delhi,1981,,,No,Yes,Yes
Inder Singh Mehta,Male,Buddhist,General,6-Apr-1958,Himachal Pradesh,"Village Lippa, Tehsil Moorang, District Kinnaur",15-Dec-2014,5-Apr-2020,No,No,Delhi High Court ,No,,,,,,,No,,,,No,,Service,Yes,Yes,No,No,No,No,No,No,No,No,No,"Vishesh Kendriya Vidyalaya, Janakpuri, Delhi","Hans Raj College, University of Delhi",,University of Delhi,1982,1982,Bar Council of Delhi,No,No,No
G. S. Sistani,Male,Sikh,General,11-Mar-1958,,,29-May-2006,10-Mar-2020,No,No,Delhi High Court ,No,,,,,,,No,,,,No,,Bar,No,Yes,No,NA,Yes,No,No,Yes,No,No,Yes,"Frank Anthony Public School, New Delhi","Hindu College, University of Delhi",,,1982,1982,Bar Council of Delhi,No,No,No
Dr. S. Muralidhar,Male,Hindu,General,,,,,3-Jan-2021,No,No,Delhi High Court ,Yes,Punjab and Haryana High Court ,,,,,,No,,,,No,,Bar,No,Yes,No,NA,No,No,No,No,No,No,No,,,,,,,,,,
Chander Shekhar,Male,Hindu,General,26-Jan-1958,Himachal Pradesh,"Hasole (Chokath), Tehsil Dehra, District Kangra, ",8-Nov-2016,25-Jan-2020,No,No,Delhi High Court ,No,,,,,,,No,,,,No,,Service,Yes,Yes,NA,Yes,No,No,No,No,No,No,No,"Harcourt Butler Sr. Secondary School, New Delhi",University of Delhi,B. Com (P),University of Delhi,,1982,Bar Council of Delhi,No,No,No
R.K. Gauba,Male,Hindu,General,4-Dec-1957,,,15-Dec-2014,3-Dec-2019,No,No,Delhi High Court ,No,,,,,,,No,,,,No,,Service,Yes,No,NA,Yes,NA,NA,NA,NA,NA,NA,NA,"""mainly from"" Kendriya Vidyalaya",Osmania University ,,Jabalpur University ,,,,No,No,No
Sunil Gaur,Male,Hindu,General,23-Aug-1957,,,11-Apr-2008,22-Aug-2019,No,No,Delhi High Court ,No,,,,,,,No,,,,No,,Service,Yes,No,NA,No,No,No,NA,NA,NA,NA,NA,,,,,,,,,,
Vinod Goel,Male,Hindu,,7-Aug-1957,Haryana,Hassanpur,8-Nov-2016,6-Aug-2019,No,No,Delhi High Court ,No,,,,,,,No,,,,No,,Service,Yes,Yes,No,Yes,No,No,No,No,No,No,No,"Government High School, Hassanpur","Vaish College, Maharishi Dayanand Univeristy, Rohtak",B. Com.,Panjab University,1980,1982,Bar Council of Punjab & Haryana,No,No,No
A.K. Pathak,Male,Hindu,General,11-Jul-1957,,,14-May-2009,10-Jul-2019,No,No,Delhi High Court ,No,,,,,,,No,,,,No,,Service,Yes,Yes,No,Yes,Yes,No,No,No,Yes,No,No,,,,,,1980,Bar Council of Delhi,No,No,No
Rajendra Menon,Male,Hindu,General,7-Jun-1957,,,1-Apr-2002,6-Jun-2019,No,No,Madhya Pradesh High Court ,No,,,,,,,Yes,Patna High Court ,Delhi High Court ,,No,,Bar,No,Yes,No,NA,Yes,No,Yes,Yes,Yes,Yes,No,,"Govt. Science College, Jabalpur under Rani Durgawati University (Jabalpur)",Science,NSE Law College (Jabalpur),1981,,,No,No,No
S. Ravindra Bhat,Male,Hindu,General,21-Oct-1958,Karnataka,Mysore,16-Jul-2004,20-Oct-2023,No,No,Delhi High Court ,No,,,,,,,Yes,Rajasthan High Court ,,,Yes,23-Sep-2019,Bar,No,Yes,No,NA,No,No,No,No,No,No,No,"Central School, Faridabad","Hindu College, University of Delhi",B.A. (Hons.) in English literature,University of Delhi,1982,1982,Bar Council of Delhi,No,No,No
Valmiki J Mehta,Male,Hindu,General,6-Jun-1959,Maharashtra,Mumbai,15-Apr-2009,1-Mar-2019,Yes,No,Delhi High Court ,No,,,,,,,No,,,,No,,Bar,No,Yes,Yes,NA,No,No,No,No,No,No,No,"Kendriya Vidyalaya, Vishakhapatnam","Sri Venkateshwara College, Delhi University ",B. Com (H),University of Delhi,,1982,Bar Council of Delhi,No,No,No
Sanjiv Khanna,Male,Hindu,General,14-May-1960,,,24-Jun-2005,13-May-2025,No,No,Delhi High Court ,No,,,,,,,No,,,,Yes,18-Jan-2019,Bar,No,Yes,No,NA,Yes,No,No,No,No,No,No,,Delhi University ,,Delhi University ,,1983,Bar Council of Delhi,No,No,No
Pratibha Rani,Female,Hindu,General,25-Aug-1956,,,17-Oct-2011,24-Aug-2018,No,No,Delhi High Court ,No,,,,,,,No,,,,No,,Service,Yes,No,NA,No,NA,NA,NA,NA,NA,NA,NA,,"Lady Shri Ram College, Delhi University ",,Delhi University ,1978,,,No,No,No
P.S. Teji,Male,Sikh,General,14-Aug-1956,Punjab,,15-Dec-2014,13-Aug-2018,No,No,Delhi High Court ,No,,,,,,,No,,,,No,,Service,Yes,Yes,No,No,Yes,Yes,No,No,No,No,No,,,,Punjab University,,,,No,Yes,No
Gita Mittal,Female,Hindu,General,9-Dec-1958,,,16-Jul-2004,8-Dec-2020,No,No,Delhi High Court ,No,,,,,,,Yes,Jammu & Kashmir High Court ,,,No,,Bar,No,Yes,No,NA,No,No,No,No,No,No,No,Lady Irwin Higher Secondary School,"Lady Shri Ram College, Delhi University",B.A. (Eco Hons.),Delhi University ,1981,,,No,No,No
S.P. Garg,Male,Hindu,General,15-Jun-1956,Punjab,"Maur, District Bhatinda",17-Oct-2011,14-Jun-2018,No,No,Delhi High Court ,No,,,,,,,No,,,,No,,Service,Yes,Yes,NA,No,No,No,No,No,No,No,Yes,"S.S.D High School, Maur","Rajindera Government College, Bathinda",B. Com,"Panjab University, Chandigarh",1979,1979,Bar Council of Punjab & Haryana,No,Yes,Yes
Deepa Sharma,Female,Hindu,General,28-May-1956,,,17-Apr-2018,27-May-2018,No,No,Delhi High Court ,No,,,,,,,No,,,,No,,Service,Yes,No,NA,No,No,No,No,No,No,No,No,,,Bachelor of Science,Delhi University ,1978,,,No,No,No
Ashutosh Kumar,Male,Hindu,General,1-Oct-1966,,,15-May-2014,30-Sep-2028,No,No,Patna High Court ,Yes,Delhi High Court ,7-Jan-2015,Patna High Court ,21-Nov-2017,,,No,,,,No,,Bar,No,Yes,No,NA,Yes,No,No,No,No,No,No,"St. Michaels' High School, Patna","St. Stephens' College, Delhi University",,Delhi University ,,1991,,No,No,No
Indermeet Kaur,Female,Sikh,General,22-Mar-1956,,,14-May-2009,21-Mar-2018,No,No,Delhi High Court ,No,,,,,,,No,,,,No,,Service,Yes,No,NA,No,No,No,No,No,No,No,No,"Mater Dei Covent School, New Delhi","Lady Shri Ram College, University of Delhi",Psychology (Hons.),Delhi University ,,1984,Bar Council of Delhi,No,No,Yes
G. Rohini,Female,,,14-Apr-1955,Andhra Pradesh,,25-Jun-2001,13-Apr-2017,No,No,Andhra Pradesh High Court,No,,,,,,,Yes,Delhi High Court,,,No,,Bar,No,Yes,No,No,Yes,No,No,No,No,No,No,,Osmania University,Science,"College of Law, Andhra University, Visakhapatnam",,1980,,No,No,No
Indira Banerjee,Female,Hindu,General,24-Sep-1957,,,5-Feb-2002,24-Sep-2022,No,No,Calcutta High Court ,Yes,Delhi High Court ,8-Aug-2015,,,,,Yes,Madras High Court ,,,Yes,7-Aug-2018,Bar,No,Yes,No,No,No,No,No,No,No,No,No,"Loreto House, Calcutta",Presidency College,History (Hons.),Calcutta University College of Law,,1985,,No,No,No
Pradeep Nandrajog,Male,Hindu,General,24-Feb-1958,,,20-Dec-2002,23-Feb-2020,No,No,Delhi High Court ,No,,,,,,,Yes,Rajasthan High Court ,Bombay High Court ,,No,,Bar,No,Yes,No,No,Yes,No,No,No,Yes,No,No,,Delhi University,,Delhi University ,1981,1981,Bar Council of Delhi,No,No,No
Badar Durrez Ahmed,Male,Muslim,General,16-Mar-1956,Meghalaya,Shillong,20-Dec-2002,15-Mar-2018,No,No,Delhi High Court ,No,,,,,,,Yes,Jammu & Kashmir High Court ,,,No,,Bar,No,Yes,No,No,No,No,No,No,No,No,Yes,"St. Edmund's College, Shillong","St. Stephens' College, Delhi University/Trinity College, Cambridge University",Economics (Hons.),Delhi University ,1980,1980,Bar Council of Delhi,No,Yes,No
Sunita Gupta,Female,Hindu,General,14-Dec-1954,West Bengal,Kolkata,17-Apr-2013,13-Dec-2016,No,No,Delhi High Court ,No,,,,,,,No,,,,No,,Service,Yes,Yes,No,No,No,No,No,No,No,No,No,,"Miranda House, University of Delhi",B. A. (Hons.) Philosophy,Delhi University ,1978,1978,Bar Council of Delhi,No,Yes,No
Manmohan Singh,Male,Sikh,General,,,,11-Apr-2008,21-Sep-2016,No,No,Delhi High Court ,No,,,,,,,No,,,,No,,Bar,No,Yes,No,NA,No,No,No,No,No,No,Yes,,,,,,,,,,
Sudershan Kumar Misra,Male,Hindu,General,7-Sep-1954,,,4-Jul-2007,6-Sep-2019,No,No,Delhi High Court ,No,,,,,,,No,,,,No,,Bar,No,Yes,Yes,NA,Yes,No,No,No,Yes,No,No,"Delhi Public School, Mathura Road","Hindu College, Delhi University",B. A. (Hons.) History,Delhi University ,,1978,Bar Council of Delhi,No,No,No
V. K. Shali,Male,,,15-Jun-1954,Delhi,Delhi,11-Apr-2008,14-Jun-2016,No,No,Delhi High Court ,No,,,,,,,No,,,,No,,Bar,Yes,Yes,No,Yes,Yes,No,Yes,Yes,Yes,No,No,,,,Delhi University ,1976,1976,Bar Council of Delhi,No,No,Yes
Ved Prakash Vaish,Male,Hindu,General,27-Jun-1959,,,17-Apr-2013,26-Jun-2021,No,No,Delhi High Court ,Yes,Meghalaya High Court ,23-May-2016,Allahabad High Court ,27-Nov-2017,,,No,,,,No,,Service,Yes,Yes,No,Yes,No,No,No,No,No,No,No,,Delhi University,,Delhi University ,1984,1984,Bar Council of Delhi,No,No,No
Kailash Gambhir,Male,Hindu,General,7-Sep-1953,Delhi,Delhi,29-May-2006,6-Sep-2015,No,No,Delhi High Court ,No,,,,,,,No,,,,No,,Bar,No,Yes,No,No,Yes,No,Yes,Yes,Yes,No,No,,"Kirori Mal College, University of Delhi",,Delhi University ,1979,1979,Bar Council of Delhi,No,No,No
G. P. Mittal,Male,Hindu,General,,,,29-Oct-2010,8-Jul-2015,No,Yes,Delhi High Court ,No,,,,,,,No,,,,No,,Service,Yes,Yes,NA,No,No,No,No,No,No,No,No,,,,Kurukshetra University,1976,,,No,No,No
Reva Khetrapal,Female,Sikh,General,23-Sep-1952,Himachal Pradesh,Shimla,28-Feb-2006,22-Sep-2014,No,No,Delhi High Court ,No,,,,,,,No,,,,No,,Bar,Yes,Yes,No,No,Yes,No,No,No,No,No,No,"Convent of Jesus and Mary, New Delhi",Miranda House ,History (Hons.),Delhi University ,,1975,Bar Council of Delhi,No,No,No
P. K. Bhasin,Male,Hindu,General,20-Jul-1952,Haryana,"Sahbad Markanda, Kurukshetra District",5-Apr-2006,19-Jul-2014,No,No,Delhi High Court ,No,,,,,,,No,,,,No,,Service,Yes,Yes,NA,No,No,No,No,No,No,No,No,"DAV School, Patel Nagar, New Delhi",Delhi University,,Delhi University ,1974,1974,Bar Council of Delhi,No,No,No
Veena Birbal,Female,Hindu,General,1-Jul-1952,Delhi,Delhi,31-Aug-2007,30-Jun-2014,No,No,Delhi High Court ,No,,,,,,,No,,,,No,,Bar,Yes,Yes,No,No,No,No,No,No,No,No,No,,"Miranda House, University of Delhi",B. Sc.,Delhi University ,1977,1978,Bar Council of Delhi,No,No,No
V.K. Jain,Male,,,15-May-1952,,,14-May-2009,14-May-2014,No,No,Delhi High Court ,No,,,,,,,No,,,,No,,Service,Yes,No,NA,No,NA,NA,NA,NA,NA,NA,NA,,,,Delhi University ,,,,No,No,Yes
R.V. Easwar,Male,,,29-Apr-1952,,,17-Oct-2011,28-Apr-2014,No,No,Delhi High Court ,No,,,,,,,No,,,,No,,Bar,Yes,Yes,No,No,No,No,No,No,No,No,Yes,,Madurai University,B. Com.,Bangalore University,1974,1975,"Bar, High Court of Madras/Madras Bar Association",No,Yes,Yes
N.V. Ramana,Male,Hindu,General,27-Aug-1957,Andhra Pradesh,"Ponnavarram, Krishna District",27-Jun-2000,26-Aug-2022,No,No,Andhra Pradesh High Court,No,,,,,,,Yes,Delhi High Court,,,Yes,,Bar,No,Yes,No,No,Yes,Yes,No,No,Yes,No,No,,,B. Sc.,,,1983,,No,No,No
M. L. Mehta,Male,Hindu,General,30-Dec-1951,,,3-Dec-2010,29-Dec-2013,No,No,Delhi High Court ,No,,,,,,,No,,,,No,,Service,Yes,Yes,NA,No,No,No,No,No,No,No,No,,Punjab University,B. Sc.,Delhi University,,,,No,Yes,Yes
D. Murugesan,Male,Hindu,General,10-Jun-1951,,,2-Mar-2000,10-Jun-2013,No,No,Madras High Court ,No,,,,,,,Yes,Delhi High Court ,,,No,,Bar,No,Yes,No,No,Yes,No,No,No,Yes,No,No,,,,,,1975,,No,No,No
Sanjay Kishan Kaul,Male,Hindu,General,26-Dec-1958,,,3-May-2001,25-Dec-2023,No,No,Delhi High Court ,No,,,,,,,Yes,Punjab and Haryana High Court,Madras High Court ,,Yes,17-Feb-2017,Bar,No,Yes,Yes,No,Yes,No,No,No,Yes,No,No,"Modern School, New Delhi","St. Stephens College, Delhi University",Economics (Hons.),Delhi University,1982,1982,Bar Council of Delhi,No,No,No
Arjan Kumar Sikri,Male,Hindu,General,7-Mar-1954,,,7-Jul-1999,6-Mar-2019,No,No,Delhi High Court ,No,,,,,,,Yes,Punjab and Haryana High Court,,,Yes,12-Apr-2014,Bar,No,Yes,Yes,No,No,No,Yes,Yes,No,Yes,No,,Shri Ram College of Commerce,B . Com. (Hons.),Delhi University,1977,1977,Bar Council of Delhi,No,No,Yes
Anil Kumar,Male,Hindu,General,12-Jul-1950,,,16-Jul-2004,11-Jul-2012,No,No,Delhi High Court ,No,,,,,,,No,,,,No,,Bar,No,Yes,No,No,Yes,No,No,No,Yes,Yes,No,,,,Delhi University,,1974,Bar Council of Delhi,No,Yes,No
Ajit Bharihoke,Male,Hindu,General,,,,14-May-2009,16-Oct-2011,No,No,Delhi High Court ,No,,,,,,,No,,,,No,,Service,Yes,No,NA,No,,,,,,,,,,,,,,,,,
Dipak Misra,Male,Hindu,General,3-Oct-1953,,,17-Jan-1996,2-Oct-2018,No,No,Orissa High Court ,Yes,Madhya Pradesh High Court ,3-Mar-1997,,,,,Yes,Patna High Court ,Delhi High Court,,Yes,10-Oct-2011,Bar,No,Yes,No,NA,No,No,No,No,No,No,No,,,,,,,,No,No,No
Vikramjit Sen,Male,Hindu,General,31-Dec-1950,,,7-Jul-1999,30-Dec-2015,No,No,Delhi High Court ,Yes,Karnataka High Court,12-Sep-2011,,,,,Yes,Karnataka High Court ,,,Yes,24-Dec-2012,Bar,No,Yes,No,NA,No,No,No,No,No,No,No,"St. Xavier's School, Delhi",St. Stephen's College ,History (Hons.),Delhi University ,,,,No,No,No
Rekha Sharma,Female,Hindu,General,31-Jul-1949,,,23-Feb-2005,30-Jul-2011,No,No,Delhi High Court ,No,,,,,,,No,,,,No,,Service,Yes,Yes,No,No,Yes,Yes,No,No,No,No,No,,"Miranda House, Delhi University ",,Delhi University ,,1972,Bar Council of Delhi,No,No,No
Mool Chand Garg,Male,Hindu,General,10-Jun-1954,,,11-Apr-2008,,,,,,,,,,,,,,,,,,,,,,,,,,,,,,,,,,,,,,,
S. L. Bhayana,Male,Hindu,General,15-Apr-1949,,,28-Feb-2006,14-Apr-2011,No,No,Delhi High Court,No,,,,,,,No,,,,No,,Service,Yes,Yes,No,No,No,No,No,No,No,No,No,,,,,,1973,Bar Council of Delhi,No,No,No
S N Dhingra,Male,Hindu,General,2-Mar-1949,Delhi,Delhi,28-Feb-2006,1-Mar-2011,No,No,Delhi High Court ,No,,,,,,,No,,,,No,,Bar,Yes,Yes,No,No,No,No,No,No,No,No,No,,Delhi Unversity ,B. Sc. ,Delhi University ,1979,,,No,Yes,Yes
Vidya Bhushan Gupta,Male,Hindu,General,,,,,,,,,,,,,,,,,,,,,,,,,,,,,,,,,,,,,,,,,,,
Aruna Suresh,Female,Hindu,General,19-Feb-1950,,,4-Jul-2006,17-Feb-2012,No,No,Delhi High Court,Yes,Orissa High Court ,28-Oct-2010,,,,,No,,,,No,,Service,Yes,No,NA,No,NA,NA,NA,NA,NA,NA,NA,Queens Mary School,"Indraprastha College for Women, Delhi University ",,Delhi University,1972,,,No,No,No
S. N. Aggarwal,Male,Hindu,General,25-Aug-1950,,,28-Feb-2006,,,,Delhi High Court ,Yes,Madhya Pradesh High Court ,28-Oct-2010,,,,,,,,,,,Bar,Yes,Yes,No,Yes,No,No,No,No,No,No,No,,Delhi University ,B. Sc.,,,1980,Bar Council of Delhi,No,No,Yes
Madan Bhimrao Lokur,Male,Hindu,General,31-Dec-1953,,,19-Feb-1999,30-Dec-2018,No,No,Delhi High Court,No,,,,,,,Yes,Gauhati High Court ,Andhra Pradesh High Court ,,Yes,4-Jun-2012,Bar,No,Yes,Yes,NA,Yes,No,No,No,No,No,No,"St. Josephs Collegiate, Allahabad","St. Stephen's College, Delhi University",History (Hons.),Delhi University ,1977,1977,,No,No,No
Ajit Prakash Shah,Male,Hindu,General,13-Feb-1948,Maharashtra,Solapur,18-Dec-1992,12-Feb-2010,No,No,Bombay High Court ,No,,,,,,,Yes,Madras High Court ,Delhi High Court ,,No,,Bar,No,Yes,No,NA,No,No,No,No,No,No,Yes,,,,"Government Law College, Mumbai",,,,No,No,No
Mukul Mudgal,Male,Hindu,General,,,,2-Mar-1998,3-Jan-2011,No,No,Delhi High Court ,No,,,,,,,Yes,Punjan & Haryana High Court,,,No,,Bar,No,Yes,Yes,NA,No,No,No,No,No,No,Yes,"Modern School, Barakhamba Road, New Delhi","Hindu College, Delhi University",B. Sc. (Hons.),Delhi University ,,1973,Bar Council of Delhi,No,No,No
B. N. Chaturvedi,Male,Hindu,General,2-Oct-1947,Uttar Pradesh,Allahabad,1-Dec-2000,1-Oct-2009,No,No,Delhi High Court ,No,,,,,,,No,,,,No,,Service,Yes,Yes,NA,No,No,No,No,No,No,No,No,,,,,,1969,Bar Council of Uttar Pradesh,No,Yes,No
Neeraj Kishan Kaul,Male,Hindu,General,23-Nov-1963,,,15-Apr-2009,1-Sep-2009,No,Yes,Delhi High Court ,No,,,,,,,No,,,,No,,Bar,No,Yes,Yes,NA,Yes,No,No,No,No,No,No,"Modern School, Delhi","St. Stephen's College, Delhi University",B.A. (Arts),Delhi University ,1987,1987,Bar Council of Delhi,Yes,No,Yes
H R Malhotra,Male,Hindu,General,10-Apr-1947,,,26-Aug-1952,9-Apr-2009,No,No,Delhi High Court ,No,,,,,,,No,,,,No,,Service,Yes,Yes,NA,Yes,No,No,No,No,No,No,No,,Punjab University,Arts,Delhi University ,1971,,,No,No,No
Manmohan Sarin,Male,Hindu,General,20-Oct-1946,,,6-Dec-1996,,No,No,Delhi High Court ,No,,,,,,,Yes,Jammu and Kashmir High Court ,,,No,,Bar,No,Yes,No,No,No,No,No,No,No,No,No,,,,,,1979,,No,No,No
Tirath Singh Thakur,Male,Hindu,General,4-Jan-1952,,,16-Feb-1994,4-Jan-2017,No,No,Jammu and Kashmir High Court ,Yes,Karnataka High Court ,1-Mar-1994,Delhi High Court ,1-Jul-2004,,,Yes,Punjab and Haryana High Court,,,Yes,17-Nov-2009,Bar,No,Yes,Yes,NA,No,No,No,No,No,No,Yes,,,,,,,,No,No,No
J. M. Malik,Male,Hindu,General,18-Jul-1946,,,28-Feb-2006,17-Jul-2008,No,No,Delhi High Court,No,,,,,,,No,,,,No,,Service,Yes,Yes,NA,No,No,No,No,No,No,No,No,,Punjab University,,Punjab University,1968,1969,Bar Council of Punjab and Haryana,No,No,No
Mukundakam Sharma,Male,Hindu,General,18-Sep-1946,West Bengal ,Calcutta,10-Jan-1994,18-Sep-2011,No,No,Guwahati High Court ,Yes,Patna High Court ,14-Feb-1994,Delhi High Court ,12-Dec-1994,,,Yes,Delhi High Court ,,,Yes,9-Apr-2008,Bar,No,Yes,Yes,NA,Yes,Yes,Yes,No,Yes,No,No,"Cotton College, Guwahati","Ramjas College, Delhi University",B.A.,Guwahati University,,,Bar Council of Assam and Nagaland,No,Yes,Yes
R. S. Sodhi,Male,Sikh,General,11-Nov-1945,,,7-Jul-1999,7-Nov-2007,No,No,Delhi High Court ,No,,,,,,,No,,,,No,,Bar,No,Yes,No,NA,Yes,Yes,No,No,No,No,No,"Bishop Cotton School, Shimla","Lyallpur Khalsa College, Jallandhar",,Punjab University,1972,1972,Bar Council of Delhi,No,No,No
J P Singh,Male,Sikh,General,10-Jul-1945,,,5-Jul-2004,9-Jul-2007,No,No,Delhi High Court ,No,,,,,,,No,,,,No,,Bar,Yes,Yes,NA,No,No,No,No,No,No,No,No,,,,,,1969,Bar Council of Delhi,No,Yes,No
Manju Goel,Female,Hindu,General,3-Jan-1945,,,5-Jul-2004,3-Jan-2007,No,No,Delhi High Court ,No,,,,,,,No,,,,No,,Service,Yes,No,NA,No,NA,NA,NA,NA,NA,NA,NA,,,,University of Calcutta,1967,,,No,Yes,No
Swatanter Kumar ,Male,Hindu,General,31-Dec-1947,,,10-Nov-1994,30-Dec-2009,No,No,Delhi High Court ,Yes,Punjab and Haryana High Court ,30-Nov-1994,Delhi High Court ,4-Oct-2004,,,Yes,Bombay High Court ,,,No,,Bar,Yes,Yes,No,No,No,No,No,No,No,No,No,,,,,,1971,Bar Council of Delhi,No,No,No
Vijender Jain,Male,Hindu,General,2-Aug-1946,,,24-Dec-1992,,No,No,Delhi High Court ,No,,,,,,,Yes,Punjab & Haryana High Court ,,,No,,Bar,No,Yes,Yes,No,No,No,No,No,No,No,No,,,,,,1969,,No,No,No
Ramesh Chand Jain,Male,Hindu,General,,Uttar Pradesh,Sahranpur,16-Jul-2001,27-Jun-2006,No,No,Delhi High Court ,No,,,,,,,No,,,,No,,Service,Yes,Yes,No,No,No,No,No,No,No,No,No,,,,Agra University ,,,,No,No,No
Markandeya Katju,Male,Hindu,General,20-Sep-1946,,,,20-Sep-2011,No,No,Allahabad High Court ,No,,,,,,,Yes,Madras High Court ,Delhi High Court,,Yes,10-Apr-2006,Bar,No,Yes,No,NA,No,No,No,No,No,No,No,,,,Allahabad University,1967,,,No,No,No
Om Prakash Dwivedi,Male,Hindu,General,1-Apr-1944,,,12-Jan-2000,1-Apr-2006,No,No,Delhi High Court ,No,,,,,,,No,,,,No,,Service,Yes,No,NA,No,NA,NA,NA,NA,NA,NA,NA,"Kher Inter College, Gursrai","Jhansi Govt. Inter College, Jhansi",,Allahabad University,,,,No,Yes,No
Surinder Kumar Aggarwal,Male,Hindu,General,4-Apr-1944,,,7-Jul-1999,4-Apr-2006,No,No,Delhi High Court ,No,,,,,,,No,,,,No,,Bar,No,Yes,No,NA,Yes,No,No,No,Yes,No,No,,,B. Sc.,,,1965,Bar Council of Delhi,No,No,No
Ramesh Chandra Chopra,Male,Hindu,General,18-Dec-1943,,,1-Dec-2000,18-Dec-2005,No,No,Delhi High Court ,No,,,,,,,No,,,,No,,Service,Yes,No,NA,No,NA,NA,NA,NA,NA,NA,NA,,,B.A.,Delhi University,1966,,,No,No,No
Bashir Ahmed Khan,Male,Muslim,General,1-Apr-1945,,,12-Nov-1990,,No,No,Jammu and Kashmir High Court ,Yes,Madhya Pradesh High Court ,8-Oct-1997,Delhi High Court ,14-Jan-2000,Jammu and Kashmir High Court ,11-Oct-2005,No,,,,No,,Bar,,,,,,,,,,,,,,,,,,,,,
B. C. Patel,,,,,,,,,,,,,,,,,,,,,,,,,,,,,,,,,,,,,,,,,,,,,,
C. K. Mahajan,,,,,,,,,,,,,,,,,,,,,,,,,,,,,,,,,,,,,,,,,,,,,,
Devinder Kumar Jain,Male,Hindu,,25-Jan-1948,,,19-Mar-1991,24-Jan-2013,No,No,Delhi,No,NA,,NA,,NA,,Yes,Punjab and Haryana,NA,NA,Yes,10-Apr-2006,Bar,No,Yes,No,NA,Yes,No,,,,,,,,Science,,,1974,Delhi,No,No,No
Dalveer Bhandari,Male,Hindu,General,1-Oct-1947,Rajasthan,Jodhpur,19-Mar-1991,27-Apr-2012,No,Yes,Delhi,No,NA,,NA,,NA,,Yes,Bombay,NA,NA,Yes,28-Oct-2005,Bar,No,Yes,No,NA,Yes,No,Yes,,,,,,Jodhpur University,Arts,Jodhpur University,1968,1968,Rajasthan,Yes,No,Yes
Jiwan Dass Kapoor,Male,Hindu,General,10-Apr-1942,,,1-Dec-2000,10-Apr-2004,No,No,Delhi,No,NA,,NA,,NA,,No,NA,NA,NA,No,,Service,Yes,Yes,No,No,,No,,,,,,Entire education from School to College level from erstwhile Punjab,,Arts,,,,,No,No,No
Mahmood Ali Khan,Male,Muslim,General,12-Dec-1941,,,1-Dec-2000,14-Dec-2003,No,No,Delhi,No,NA,,NA,,NA,,No,NA,NA,NA,No,,Service,Yes,,No,No,,No,,,,,,"Did Schooling from SSK Inter College and Hinhu College, Moradabad","Hinhu College and K.G.K. College, Moradabad",,,,,,No,Yes,No
Surender Kumar Mahajan,Male,Hindu,General,5-Dec-1941,,,17-May-1995,4-Dec-2003,No,No,Delhi,No,NA,,NA,,NA,,No,NA,NA,NA,No,,Bar,No,Yes,No,NA,Yes,No,,,Yes,,,,,Science,,,1967,Delhi,No,No,No
Usha Mehra,Female,Hindu,,14-Nov-1941,,,13-Jul-1990,14-Nov-2003,No,No,Delhi,No,NA,,NA,,NA,,No,NA,NA,NA,No,,Service,Yes,Yes,No,Yes,,No,Yes,,,,,,,Arts,,,1962,Delhi,No,No,No
S.N. Kapoor,Male,Hindu,,28-May-1941,,,9-Apr-1996,28-May-2003,No,No,Delhi,No,NA,,NA,,NA,,No,NA,NA,NA,No,,Service,Yes,Yes,No,Yes,,No,,,,,,,,,,,1964,,No,Yes,No
Devinder Gupta,Male,Hindu,,4-Apr-1943,,,25-Jun-1990,4-Apr-2005,No,No,Himachal Pradesh,Yes,Delhi,28-Apr-1994,NA,,NA,,Yes,Andhra Pradesh (Hyderabad),NA,NA,No,,Bar,No,Yes,,NA,,No,,,,,,,,Arts,,,1967,Himachal Pradesh,No,No,No
Kripa Shankar Gupta,Male,Hindu,,7-Jan-1941,,,9-Apr-1996,7-Jan-2003,No,No,Delhi,No,NA,,NA,,NA,,No,NA,NA,NA,No,,Service,Yes,Yes,No,No,,No,,,,,,,,,,,1965,Uttar Pradesh,No,Yes,No
Anil Dev Singh,Male,Hindu,,22-Oct-1942,,,13-Jul-1990,22-Oct-2004,No,No,Delhi,No,NA,,NA,,NA,,Yes,Rajasthan,NA,NA,No,,Bar,No,Yes,,NA,,No,,,,,,,,Science,,,1964,Delhi,No,No,No
Sharda Aggarwal,Female,Hindu,,1-Dec-1940,,,1-Dec-2000,30-Nov-2002,No,No,Delhi,No,NA,,NA,,NA,,No,NA,NA,NA,No,,Service,Yes,Yes,No,No,,No,,,,,,,,Arts,,,1962,Delhi,No,No,No
Satya Brata Sinha,Male,Hindu,General,8-Aug-1944,Jharkhand (then in Bihar),Dhanbad,9-Mar-1987,8-Aug-2009,No,No,Patna,Yes,Calcutta,11-May-1994,NA,,NA,,Yes,Andhra Pradesh (Hyderabad),Delhi,NA,Yes,3-Oct-2002,Bar,No,Yes,Yes,NA,Yes,No,,,,,,"H. E. School, Dhanbad",,Science,Chotanagpur Law College,1967,1968,Bihar,No,No,No
Vinod Sagar Aggarwal,Male,Hindu,,20-Aug-1940,,,10-Nov-1994,20-Aug-2002,No,No,Delhi,Yes,Punjab and Haryana,30-Nov-1994,,2-Jun-2001,NA,,No,NA,NA,NA,No,,Service,Yes,Yes,No,,,No,,,,,,,,Arts,,,1962,Punjab and Haryana,No,No,No
Arun Kumar,Male,Hindu,,12-Apr-1941,,,13-Jul-1990,11-Apr-2006,No,No,Delhi,No,NA,,NA,,NA,,Yes,Rajasthan,NA,NA,Yes,3-Oct-2002,Bar,No,Yes,No,NA,,No,,,,,,,,Commerce,,,1964,Delhi,Yes,No,Yes
Arijit Pasayat,Male,Hindu,,10-May-1944,,,20-Mar-1989,10-May-2009,No,No,Orissa,No,NA,,NA,,NA,,Yes,Kerala,Delhi,NA,Yes,19-Oct-2001,Bar,No,Yes,No,NA,,No,,,,,,,,,,,1968,Orissa,,,No
Cyriac Joseph,Male,Christian,,28-Jan-1947,Kerala,Kaipuzha (Kottayam) ,6-Jul-1994,27-Jan-2012,No,No,Kerala,Yes,Delhi,5-Aug-1994,Kerala,21-Sep-2001,NA,,Yes,Uttarakhand,Karnataka,NA,Yes,7-Jul-2008,Bar,No,Yes,No,NA,Yes,No,,,,,,"St.Margarette's U.P.School and St.George's High School Kaipuzha, St.Thomas College Pala, St.Berchmans College Changanacherry",,Science,"Govt. Law College, Trivandrum",,1968,Kerala,No,No,No
Chander Mohan Nayar,Male,Hindu,,23-Sep-1939,,,19-Mar-1991,23-Sep-2000,No,No,Delhi,No,NA,,NA,,NA,,No,NA,NA,NA,No,,Bar,No,Yes,No,NA,Yes,No,,,,,,,,Arts,,,1962,,No,No,Yes
Nikhilchandra Gulabshankar Nandi,Male,Hindu,,21-Mar-1942,Gujarat,Baroda,12-Oct-1994,20-Mar-2004,No,No,Gujarat,Yes,Delhi,31-Oct-1994,Gujarat,4-Jun-2001,NA,,No,NA,NA,NA,No,,Service,Yes,Yes,No,Yes,,No,,,,,,,,,"Faculty of Law (M. S. University, Baroda)",1966,1967,Gujarat,No,,No
M S A Siddiqui,Male,Muslim,,29-May-1939,,,27-Sep-1994,29-May-2001,No,No,Madhya Pradesh,Yes,Delhi,28-Sep-1994,NA,,NA,,No,NA,NA,NA,No,,Service,Yes,Yes,No,Yes,,No,,,,,,,,Commerce,,,,,No,No,No
K Ramamoorthy,Male,Hindu,,13-Mar-1939,,,17-Oct-1994,13-Mar-2001,No,No,Madras,Yes,Delhi,30-Nov-1994,NA,,NA,,No,NA,NA,NA,No,,Bar,No,Yes,Yes,NA,,No,,,,,,,,,,,1964,Tamil Nadu,,,
Sam Nariman Variava,Male,,,8-Nov-1940,,,21-Nov-1986,7-Nov-2005,No,No,Bombay,No,NA,,NA,,NA,,Yes,Delhi,NA,NA,Yes,15-Mar-2000,Bar,,Yes,,,,No,,,,,,,,Arts,,,1964,Maharashtra,No,No,Yes
Lokeshwar Prasad,Male,Hindu,General,26-Nov-1936,,,17-May-1995,26-Nov-1998,No,No,Delhi,No,NA,,NA,,NA,,No,NA,NA,NA,No,,Service,Yes,No,NA,Yes,NA,NA,NA,NA,NA,NA,NA,,,,,,,NA,No,Yes,No
J. B. Goel,Male,Hindu,,,,,17-May-1995,6-Aug-2000,No,No,Delhi,No,NA,,NA,,NA,,No,NA,NA,NA,No,,Service,Yes,Yes,,No,,No,,,,,,,,,,,,,,,
Ram Prakash Gupta,Male,Hindu,,1-Dec-1937,,,16-Dec-1994,1-Dec-1999,No,No,,Yes,Madhya Pradesh,6-May-1996,NA,,NA,,No,NA,NA,NA,No,,Service,Yes,No,NA,No,NA,NA,NA,NA,NA,NA,NA,,,Arts,,,,NA,No,No,No
P K Jain,Male,Hindu,,25-Feb-1936,,,10-Nov-1994,24-Feb-1998,No,No,Delhi,Yes,Punjab and Haryana,9-Jan-1995,NA,,NA,,No,NA,NA,NA,No,,Service,Yes,,,No,,,,,,,,,,,,,,,,,
Suman Dattaram Pandit,Male,Hindu,General,6-Oct-1936,,,6-Oct-1994,2-Sep-1998,No,Yes,Bombay,Yes,Delhi,1-Nov-1994,Gujarat,20-Apr-1996,NA,,No,NA,NA,NA,No,,Service,Yes,Yes,No,No,,No,,,,,,,,,,,1962,Maharashtra,,,
Ashok Kumar Srivastava,Male,Hindu,,1-Jul-1937,,,29-Sep-1994,1-Jul-1999,No,No,Allahabad,Yes,Delhi,18-Oct-1994,NA,,NA,,No,NA,NA,NA,No,,Service,Yes,,,No,,,,,,,,,,,Lucknow University,1957,,,No,Yes,No
Mamidana Jagannadha Rao,Male,Hindu,General,2-Dec-1935,Andhra Pradesh,Rajahmundry,29-Sep-1982,1-Dec-2000,No,No,Andhra Pradesh (Hyderabad),No,NA,,NA,,NA,,Yes,Kerala,Delhi,NA,Yes,21-Mar-1997,Bar,No,Yes,No,NA,,No,,,,,Yes,,,Science,,,1960,,No,No,No
Ramesh Chandra Lahoti,Male,Hindu,,1-Nov-1940,,,3-May-1988,31-Oct-2005,No,No,Madhya Pradesh,Yes,Delhi,1-Feb-1994,NA,,NA,,No,NA,NA,NA,Yes,9-Dec-1988,Bar,Yes,Yes,No,No,,No,,,,,,,,Commerce,,,1962,Madhya Pradesh,No,No,No
Konethota Shivshankar Bhat,Male,Hindu,,12-Mar-1933,,,6-Mar-1987,12-Mar-1995,No,No,Karnataka,Yes,Delhi,,NA,,NA,,No,NA,NA,NA,No,,Bar,No,Yes,Yes,NA,Yes,No,,,,,Yes,,,Arts,Madras Law College (Madras University),,1958,,No,No,No
Arun Madan,Male,Hindu,,7-Apr-1945,,,3-Mar-1933,21-Mar-2003,Yes,No,Delhi,Yes,Rajasthan,24-Feb-1994,NA,,NA,,No,NA,NA,NA,No,,Bar,No,Yes,No,NA,,No,,,,,,,,Arts,,,1968,Delhi,No,No,No
Gokal Chand Mittal,Male,Hindu,,4-Mar-1933,,,19-Feb-1979,4-Mar-1995,No,No,Punjab and Haryana,No,NA,,NA,,NA,,Yes,Delhi,NA,NA,No,,Bar,No,Yes,No,NA,,No,,,,,,,,Science,,,1956,Punjab and Haryana,No,No,No
Mohd. Shamim,Male,Muslim,,30-Dec-1937,,,19-Mar-1991,30-Dec-1999,No,No,Delhi,No,NA,,NA,,NA,,No,NA,NA,NA,No,,Service,Yes,Yes,No,No,,No,,,,,,,,,Agra University,,,Uttar Pradesh,No,Yes,No
Sat Pal,Male,Hindu,,15-Jul-1936,,,19-Mar-1991,14-Jul-1998,No,No,Delhi,Yes,Punjab and Haryana,1-Sep-1994,NA,,NA,,No,NA,NA,NA,No,,Bar,,Yes,No,,Yes,No,,,,,,,,,,,1970,Delhi,No,Yes,No
Jagdish Kumar Mehra,Male,Hindu,,6-Nov-1935,,,19-Mar-1991,6-Nov-1997,No,No,Delhi,No,NA,,NA,,NA,,No,NA,NA,NA,No,,Bar,No,Yes,No,NA,,No,,,,,,,,,,,1962,Delhi,,,No
Milap Chand Jain,Male,Hindu,,21-Jul-1929,,,15-Jun-1978,20-Jul-1991,No,No,Rajasthan,No,NA,,NA,,NA,,Yes,Delhi,NA,NA,No,,Service,Yes,Yes,No,No,,No,,,,,,,,,,,1953,Rajasthan,,,
Sagar Chand Jain,Male,Hindu,,23-Sep-1933,,,13-Jul-1990,23-Sep-1995,No,No,Delhi,Yes,Allahabad,28-Apr-1994,NA,,NA,,No,NA,NA,NA,No,,Service,Yes,Yes,No,Yes,,No,,,,,,,"Government College, Rohtak",Arts,University of Delhi,,,Delhi,No,No,No
Jaspal Singh,Male,Sikh,General,17-Jul-1936,,,13-Jul-1990,17-Jul-1998,No,No,Delhi,No,NA,,NA,,NA,,No,NA,NA,NA,No,,Service,Yes,,,No,,,,,,,,,,Arts,,,,,No,No,No
Mohan Lal Verma,,,,,,,,,,,,,,,,,,,,,,,,,,,,,,,,,,,,,,,,,,,,,,
Rameshwar Lal Gupta,Male,Hindu,,15-Oct-1932,,,27-Apr-1989,15-Oct-1994,No,No,Delhi,No,NA,,NA,,NA,,No,NA,NA,NA,No,,Service,Yes,Yes,No,Yes,,No,,,,,,,,,,,,,No,Yes,No
Vidya Bhushan Bansal,Male,Hindu,,1-Oct-1935,,,27-Apr-1989,23-Nov-1994,Yes,No,Delhi,No,NA,,NA,,NA,,No,NA,NA,NA,No,,Service,Yes,Yes,No,Yes,,No,,,,,,,,Arts,,,,,No,No,No
Padam Nath Nag,Male,Hindu,General,5-Mar-1933,,,12-Oct-1988,5-Mar-1995,No,No,Delhi,Yes,Allahabad,28-Apr-1994,NA,,NA,,No,NA,NA,NA,No,,Bar,No,Yes,No,NA,Yes,Yes,Yes,,Yes,,,,,Arts,,,1965,Himachal Pradesh,No,No,No
P. K. Bahri,Male,Hindu,,24-Apr-1931,,,10-Jul-1987,2-Apr-1996,No,No,Delhi,No,NA,,NA,,NA,,No,NA,NA,NA,No,,Service,Yes,,,No,,,,,,,,,,,,,,,No,Yes,No
Yogesh Kumar Sabharwal,Male,Hindu,,14-Jan-1942,,,17-Nov-1986,13-Jan-2007,No,No,Delhi,No,NA,,NA,,NA,,Yes,Bombay,NA,NA,Yes,28-Jan-2000,Bar,No,Yes,No,NA,Yes,No,Yes,,,,,,Hindu College,Arts,University of Delhi,1964,1964,Delhi,No,No,No
N.C. Kochar,Male,Hindu,,26-Mar-1935,,,17-Nov-1986,25-Mar-1997,No,No,Delhi,Yes,Rajasthan,17-Jun-1988,NA,,NA,,No,NA,NA,NA,No,,Service,Yes,Yes,No,No,,No,,,,,,,,Arts,,,1962,Delhi,No,No,No
Ajay Prakash Misra,Male,Hindu,,1-Sep-1936,,,24-May-1984,31-Aug-2001,No,No,Allahabad,No,NA,,NA,,NA,,Yes,Delhi,NA,NA,Yes,4-Dec-1997,Bar,No,Yes,No,NA,Yes,No,,,Yes,,,,,Science,,,1960,Uttar Pradesh,No,No,No
A.B. Saharya,Male,Hindu,,15-Sep-1940,,,24-Apr-1986,14-Sep-2002,No,No,Delhi,No,NA,,NA,,NA,,Yes,Punjab and Haryana,NA,NA,No,,Bar,No,Yes,Yes,NA,,No,,,,,,,,Arts,,,1963,Karnataka,No,No,No
Mahinder Narain,Male,Hindu,,24-Mar-1937,,,4-Jul-1985,7-Feb-1999,Yes,No,Delhi,No,NA,,NA,,NA,,No,NA,NA,NA,No,,Bar,No,Yes,No,NA,,No,,,,,,,,,,,1962,Delhi,No,Yes,No
Sunanda Bhandare,Female,Hindu,,1-Nov-1942,,,1-Jun-1984,10-Nov-1994,Yes,No,Delhi,No,NA,,NA,,NA,,No,NA,NA,NA,No,,Bar,No,Yes,No,NA,,No,,,,,,,,Arts,,,1968,Maharashtra,No,No,No
Devinder Pratap Wadhwa,Male,Hindu,,5-May-1935,,,12-Aug-1983,4-May-2000,No,No,Delhi,No,NA,,NA,,NA,,Yes,Patna,NA,NA,Yes,21-Mar-1997,Bar,No,Yes,No,NA,Yes,No,,,,,,,,Science,,,1962,,No,No,No
Bhupinder Nath Kirpal,Male,Hindu,,8-Nov-1937,,,20-Nov-1979,7-Nov-2002,No,No,Delhi,No,NA,,NA,,NA,,Yes,Gujarat,NA,NA,Yes,11-Sep-1995,Bar,No,Yes,No,NA,Yes,No,,,,,,,,Arts,,,1962,,No,No,No
Yogeshwar Dayal,Male,Hindu,,18-Nov-1930,Pakistan (then in Punjab),Lahore,28-Feb-1974,2-Aug-1994,Yes,No,Delhi,No,NA,,NA,,NA,,Yes,Andhra Pradesh (Hyderabad),NA,NA,Yes,22-Mar-1991,Bar,No,Yes,No,NA,Yes,No,Yes,,,,,,"Bhargava Municipal College, Simla",Arts,University of Delhi,,1955,Punjab and Haryana,No,No,No